<?xml version="1.0" encoding="UTF-8" standalone="yes"?>
<addon id="plugin.video.erotik" name="Erotik (XXX)" version="1.0.1" provider-name="MetalKettle">
  <requires>
    <import addon="xbmc.python" version="2.1.0"/>
    <import addon="script.module.t0mm0.common" version="1.1.0"/>
    <import addon="script.module.beautifulsoup"/>
  </requires>
  <extension point="xbmc.python.pluginsource" library="default.py">
        <provides>video</provides>
  </extension>
  <extension point="xbmc.addon.metadata">
    <summary lang="en">24-7 Streaming of various tv shows or show types</summary>
    <description lang="en">Some of the streams are poor quality, be warned :)</description>
    <platform>all</platform>
  </extension>
</addon>
