<?xml version="1.0" encoding="UTF-8" standalone="yes"?>
<addon id="plugin.audio.boilerroom" name="Boiler Room" version="1.0.6" provider-name="MetalKettle">
  <requires>
    <import addon="xbmc.python" version="2.1.0"/>
    <import addon="script.module.urlresolver" version="2.0.9"/>
  </requires>
  <extension point="xbmc.python.pluginsource" library="default.py">
        <provides>audio</provides>
  </extension>
  <extension point="xbmc.addon.metadata">
    <summary lang="en"></summary>
    <description lang="en"></description>
    <platform>all</platform>
  </extension>
</addon>
