<?xml version="1.0" encoding="UTF-8" standalone="yes"?>
<addon id="plugin.program.oepia" name="PIA for [COLOR grey]open[/COLOR][COLOR blue]elec[/COLOR]" version="1.0.4" provider-name="MetalKettle">
  <requires>
    <import addon="xbmc.python" version="2.1.0"/>
  </requires>
  <extension point="xbmc.python.pluginsource" library="default.py">
        <provides>executable</provides>
  </extension>
  <extension point="xbmc.addon.metadata">
    <summary lang="en">Setup Private Internet Access on OpenELEC</summary>
    <description lang="en">Setup Private Internet Access on OpenELEC.  This will only work on OpenELEC and you need an account at http://www.privateinternetaccess.com/</description>
    <platform>all</platform>
  </extension>
</addon>
