<?xml version="1.0" encoding="UTF-8" standalone="yes"?>
<addon id="plugin.video.ukturk" name="UK Turk Live Streams" version="1.0.4" provider-name="MetalKettle">
  <requires>
    <import addon="xbmc.python" version="2.1.0"/>
  </requires>
  <extension point="xbmc.python.pluginsource" library="default.py">
        <provides>video</provides>
  </extension>
  <extension point="xbmc.addon.metadata">
    <summary lang="en">Free Sports Streams courtesy of @uk_turk</summary>
    <description lang="en">Free Sports Streams courtesy of @uk_turk</description>
    <platform>all</platform>
  </extension>
</addon>
