<?xml version="1.0" encoding="UTF-8" standalone="yes"?>
<addon id="plugin.video.NJMSOCCER" name="NJM Soccer" version="1.0.0" provider-name="MetalKettle">
  <requires>
    <import addon="xbmc.python" version="2.1.0"/>
  </requires>
  <extension point="xbmc.python.pluginsource" library="default.py">
        <provides>video</provides>
  </extension>
  <extension point="xbmc.addon.metadata">
    <summary lang="en">Free Soccer Streams courtesy of NJM</summary>
    <description lang="en">Free Soccer Streams courtesy of NJM</description>
    <platform>all</platform>
  </extension>
</addon>
