<?xml version="1.0" encoding="UTF-8" standalone="yes"?>
<addon id="plugin.video.spacetelescope" name="Space Telescope" version="0.0.2" provider-name="MetalKettle">
  <requires>
    <import addon="xbmc.python" version="2.0"/>
  </requires>
  <extension point="xbmc.python.pluginsource" library="default.py">
        <provides>video</provides>
  </extension>
  <extension point="xbmc.addon.metadata">
    <summary lang="en">Videos and news releases from the Hubble Space Telescope project</summary>
    <description lang="en">Videos and news releases from the Hubble Space Telescope project</description>
    <platform>all</platform>
  </extension>
</addon>
