﻿<?xml version="1.0" encoding="UTF-8" standalone="yes"?>
<addon id="plugin.video.HQZone"
       name="HQ Zone Live Streams"
       version="1.1.16"
       provider-name="MetalKettle / mFuk">
    <requires>
        <import addon="xbmc.python" version="2.1.0"/>
	<import addon="script.module.t0mm0.common" version="1.1.0"/>
	<import addon="script.module.beautifulsoup"/>
    </requires>
    <extension point="xbmc.python.pluginsource"
               library="default.py">
        <provides>video</provides>
    </extension>
    <extension point="xbmc.addon.metadata">
    <summary lang="en">HQ Zone</summary>
    <description lang="en">HQ Zone Live streams, Video On Demand, PPV + so much more, visit HQZone.tv to learn more. Don´t forget to follow us on Twitter @HQZoneTV.</description>
    <platform>all</platform>
  </extension>
</addon>
