<?xml version="1.0" encoding="UTF-8" standalone="yes"?>
<addon id="plugin.audio.mp3rehab" name="MP3Rehab" version="0.0.3" provider-name="MetalKettle">
  <requires>
    <import addon="xbmc.python" version="2.1.0"/>
  </requires>
  <extension point="xbmc.python.pluginsource" library="default.py">
        <provides>audio</provides>
  </extension>
  <extension point="xbmc.addon.metadata">
    <summary lang="en">Search mp3s from mp3rehab.com</summary>
    <description lang="en">Search mp3s from mp3rehab.com</description>
    <platform>all</platform>
  </extension>
</addon>
