<?xml version="1.0.1" encoding="UTF-8" standalone="yes"?>
<addon id="repository.movieshd" name="MoviesHD Official Addon Repository" version="1.0.0" provider-name="MoviesHD / MetalKettle">
	<extension point="xbmc.addon.repository" name="MoviesHD Official Addon Repository">
		<info compressed="false">http://raw.github.com/metalkettle/movieshd/master/addons.xml</info>
		<checksum>http://raw.github.com/metalkettle/movieshd/master/addons.xml.md5</checksum>
		<datadir zip="true">http://raw.github.com/metalkettle/movieshd/master/zips</datadir>
	</extension>
	<extension point="xbmc.addon.metadata">
		<summary>Stream Latest Movies In HD</summary>
		<description>MoviesHD is a Web Scraper, Coded to Crawl & Index Video Hosts. MoviesHD Do Not Host or Upload any Videos Therefore, MoviesHD is not Responsible for the Accuracy, Compliance, Copyright, Legality, Decency, or Any Other Aspect of the Content from the Scraped Sites.</description>
		<platform>all</platform>
	</extension>
</addon>

