<?xml version="1.0" encoding="UTF-8" standalone="yes"?>
<addon id="plugin.video.bigbuckbunny" name="Big Buck Bunny" version="1.0.0" provider-name="MetalKettle">
  <requires>
    <import addon="xbmc.python" version="2.1.0"/>
  </requires>
  <extension point="xbmc.python.pluginsource" library="default.py">
        <provides>video</provides>
  </extension>
  <extension point="xbmc.addon.metadata">
    <summary lang="en">Watch all episode of Family Guy from familygutdirect.com</summary>
    <description lang="en">Watch all episode of Family Guy from familygutdirect.com</description>
    <platform>all</platform>
  </extension>
</addon>
