<?xml version="1.0.1" encoding="UTF-8" standalone="yes"?>
<addon id="repository.metalkettle" name="MetalKettles Addon Repository" version="1.1" provider-name="MetalKettle">
	<extension point="xbmc.addon.repository" name="MetalKettles Addon Repository">
		<info compressed="false">https://dl.dropboxusercontent.com/u/132305723/My-Repo/addons.xml</info>
		<checksum>https://dl.dropboxusercontent.com/u/132305723/My-Repo/addons.xml.md5</checksum>
		<datadir zip="true">https://dl.dropboxusercontent.com/u/132305723/My-Repo/zips</datadir>
	</extension>
	<extension point="xbmc.addon.metadata">
		<summary>Install my Addons</summary>
		<description>Download and install addons from MetalKettle</description>
		<platform>all</platform>
	</extension>
</addon>

