<?xml version="1.0" encoding="UTF-8" standalone="yes"?>
<addon id="plugin.video.sportsmania"
       name="SportsMania"
       version="2.2.5"
       provider-name="MetalKettle">
    <requires>
        <import addon="xbmc.python" version="2.1.0"/>
		<import addon="script.module.t0mm0.common" version="1.1.0"/>
		<import addon="script.module.beautifulsoup"/>
    </requires>
    <extension point="xbmc.python.pluginsource"
               library="default.py">
        <provides>video</provides>
    </extension>
    <extension point="xbmc.addon.metadata">
    <summary lang="en">Premium sports streaming service</summary>
    <description lang="en">This is a premium streaming service you will need an account from http://sportsmania.eu/ @SportsMania005 www.facebook.com/sportsnationhdtv</description>
    <disclaimer lang="en"></disclaimer>
    <platform>all</platform>
  </extension>
</addon>
