<?xml version="1.0.1" encoding="UTF-8" standalone="yes"?>
<addon id="repository.metalkettle" name="MetalKettles Addon Repository" version="1.4.2" provider-name="MetalKettle">
	<extension point="xbmc.addon.repository" name="MetalKettles Addon Repository">
		<info compressed="false">http://raw.github.com/metalkettle/MetalKettles-Addon-Repository/master/addons.xml</info>
		<checksum>http://raw.github.com/metalkettle/MetalKettles-Addon-Repository/master/addons.xml.md5</checksum>
		<datadir zip="true">http://raw.github.com/metalkettle/MetalKettles-Addon-Repository/master/zips</datadir>
	</extension>
	<extension point="xbmc.addon.metadata">
		<summary>Install my Addons</summary>
		<description>Download and install addons from MetalKettle</description>
		<platform>all</platform>
	</extension>
</addon>

