<?xml version="1.0" encoding="UTF-8" standalone="yes"?>
<addon id="plugin.video.putlocker" name="MK Movies" version="1.0.5" provider-name="MetalKettle">
  <requires>
    <import addon="xbmc.python" version="2.1.0"/>
    <import addon="script.module.urlresolver" version="2.0.9"/>
  </requires>
  <extension point="xbmc.python.pluginsource" library="default.py">
        <provides>video</provides>
  </extension>
  <extension point="xbmc.addon.metadata">
    <summary lang="en">Browse Putlocker.bz</summary>
    <description lang="en">Play links found at Putlocker.bz</description>
    <platform>all</platform>
  </extension>
</addon>
